NID,CCN,REPORTDATETIME,SHIFT,OFFENSE,METHOD,LASTMODIFIEDDATE,BLOCKSITEADDRESS,NARRATIVE,LATITUDE,LONGITUDE,CITY,STATE,WARD,ANC,SMD,DISTRICT,PSA,NEIGHBORHOODCLUSTER,HOTSPOT2006NAME,HOTSPOT2005NAME,HOTSPOT2004NAME,BUSINESSIMPROVEMENTDISTRICT
481417,06014784,2/1/2006 12:00:00 AM,EVN,THEFT,2,3/5/2010 7:16:57 AM,400 B/O FLORIDA AVE NW,R-1 REPORTS FOR C-1 THAT HE OBSERVED S-1 USING A CROWBAR TO PRY OPEN THE COIN OPERATED AIR COMPRESSOR.,38.91415300994180,-77.01692443940840,WASHINGTON,DC,5,5C,5C01,FIFTH,501,21,NONE,NONE,NONE,NONE
482863,06022290,2/18/2006 12:00:00 AM,UNK,THEFT F/AUTO,1,3/5/2010 7:16:57 AM,1400 B/O OAK ST NW,C1 REPORTS UNKNOWN INDIVIDUALS ENTERED THE LISTED VEHICLE BY BREAKING THE REAR VENT WINDOW AND STOLE THE LISTED PROPERTY.,38.93420180385450,-77.03401294921880,WASHINGTON,DC,1,1A,1A02,THIRD,302,2,NONE,NONE,NONE,NONE
495200,06080465,6/17/2006 12:00:00 AM,EVN,THEFT,2,3/5/2010 7:16:57 AM,1400 B/O OAK ST NW,NO NARRATIVE IS AVAILABLE.,38.93420180385450,-77.03401294921880,WASHINGTON,DC,1,1A,1A02,THIRD,302,2,NONE,NONE,NONE,NONE
503333,06119032,8/29/2006 12:00:00 AM,EVN,BURGLARY,2,3/5/2010 7:16:57 AM,4800 B/O 4TH ST NW,C1 REPORTS THAT UNKNOWN SUSPECT ENTERED THE UNLOCKED DOOR OF THE LOCATION AND STOLE VARIOUS PROPERTY.,38.94922677426940,-77.017434589297,WASHINGTON,DC,4,4D,4D05,FOURTH,403,18,NONE,NONE,NONE,NONE
503396,06119265,8/30/2006 12:00:00 AM,MID,THEFT F/AUTO,2,3/5/2010 7:16:57 AM,1400 B/O OAK ST NW,C1 REPORTS THAT AN UNKNOWN SUSPECT SMASHED THE PASSENGER WINDOW THEN STOLE VARIOUS PROPERTY.,38.93420180385450,-77.03401294921880,WASHINGTON,DC,1,1A,1A02,THIRD,302,2,NONE,NONE,NONE,NONE
506043,06133866,9/29/2006 12:00:00 AM,MID,THEFT F/AUTO,1,3/5/2010 7:16:57 AM,1400 B/O OAK ST NW,C1 REPORTS UNKNOWN INDIVIDUALS ENTERED THE VEHICLE BY SMASHING THE LEFT PASSENGER WINDOW AND ONCE INSIDE STOLE VARIOUS PROPERTY.,38.93420180385450,-77.03401294921880,WASHINGTON,DC,1,1A,1A02,THIRD,302,2,NONE,NONE,NONE,NONE
514284,06174677,12/25/2006 12:00:00 AM,MID,STOLEN AUTO,STOLEN AUTO,3/5/2010 7:16:57 AM,1400 B/O OAK ST NW,C1 REPORTS THAT AN UNKNOWN SUSPECT STOLE THE VEHICLE FROM THE LISTED LOCATION.,38.93420180385450,-77.03401294921880,WASHINGTON,DC,1,1A,1A02,THIRD,302,2,NONE,NONE,NONE,NONE
514649,06176038,12/28/2006 12:00:00 AM,DAY,BURGLARY,2,3/5/2010 7:16:57 AM,100 B/O 54TH ST SE,"C1 REPORTS UNKNOWN SUBJECT(S) ENTERED HIS RESIDENCE BY FORCING OPEN A REAR BASEMENT WINDOW, THEN FORCED OPEN THE UPSTAIRS DOOR FROM THE BASEMENT & TOOK A SAFE FROM THE MASTER BEDROOM. THE SAFE CONTAINED VARIOUS ITEMS.",38.88706163705260,-76.923293780257,WASHINGTON,DC,7,7E,7E06,SIXTH,604,33,NONE,NONE,NONE,NONE
517157,07010017,1/22/2007 12:00:00 AM,EVN,STOLEN AUTO,STOLEN AUTO,3/5/2010 7:16:57 AM,1400 B/O OAK ST NW,SUSPECT STOLE THE VEHICLE FROM THE LISTED LOCATION. KEY AND REGISTRATION IN OWNERS POSSESSION. ( TRU ),38.93420180385450,-77.03401294921880,WASHINGTON,DC,1,1A,1A02,THIRD,302,2,NONE,NONE,NONE,NONE
517776,07013151,1/29/2007 12:00:00 AM,MID,ROBBERY,SNATCH,3/5/2010 7:16:57 AM,400 B/O FLORIDA AVE NW,"C1 REPORTS THAT WHILE STANDING AT THE LISTED LOCATION, S1 WHO WAS STANDING BEHIND HIM IN LINE AT THE GAS STATION, OBSERVED C1 PLACING MONEY INTO HIS LEFT FRONT POCKET. S1 THEN PROCEEDED TO SNATCH $4.00 FROM C1''S LEFT FRONT PANT POCKET AND F",38.91415300994180,-77.01692443940840,WASHINGTON,DC,5,5C,5C01,FIFTH,501,21,NONE,NONE,NONE,NONE
521181,07032030,3/13/2007 12:00:00 AM,UNK,THEFT,BICYCLE,3/5/2010 7:16:57 AM,1400 B/O OAK ST NW,C1 REPORTS THAT AN UNKNOWN SUSPECT JUMPED THE FENCE THEN STOLE VARIOUS PROPERTY FROM A PLASTIC STORAGE BOX.,38.93420180385450,-77.03401294921880,WASHINGTON,DC,1,1A,1A02,THIRD,302,2,NONE,NONE,NONE,NONE
533213,07092677,7/9/2007 12:00:00 AM,DAY,BURGLARY,2,3/5/2010 7:16:57 AM,4800 B/O 4TH ST NW,NO NARRATIVE IS AVAILABLE.,38.94922677426940,-77.017434589297,WASHINGTON,DC,4,4D,4D05,FOURTH,403,18,NONE,NONE,NONE,NONE
533498,07094199,7/12/2007 12:00:00 AM,DAY,BURGLARY,2,3/5/2010 7:16:57 AM,400 B/O FLORIDA AVE NW,C1 STATES THAT SHE RETURNED FROM WORK TO FIND THAT UNKNOWN PERSON ENTER THE LISTED LOCATION THRU THE FRONT DOOR AND TOOK VARIOUS PROPERTY. FRONT DOOR LEFT UNLOCKED.,38.91415300994180,-77.01692443940840,WASHINGTON,DC,5,5C,5C01,FIFTH,501,21,NONE,NONE,NONE,NONE
539810,07123938,9/9/2007 12:00:00 AM,MID,STOLEN AUTO,STOLEN AUTO,3/5/2010 7:16:57 AM,4800 B/O 4TH ST NW,C-1 REPORTS THAT THE LISTED VEHICLE WAS STOLEN BY UNKNOWN SUSPECTS. KEYS AND REGISTRATION ARE WITH THE OWNER,38.94922677426940,-77.017434589297,WASHINGTON,DC,4,4D,4D05,FOURTH,403,18,NONE,NONE,NONE,NONE
542345,07136487,10/4/2007 12:00:00 AM,EVN,STOLEN AUTO,STOLEN AUTO,3/5/2010 7:16:57 AM,100 B/O 54TH ST SE,C-1 REPORTS THE THEFT OF A VEHICLE. C-1 DOES NOT ALLOW ANYONE TO DRIVE THE VEHICLE. THE KEYS AND REGISTRATION ARE WITH THE OWNER.,38.88706163705260,-76.923293780257,WASHINGTON,DC,7,7E,7E06,SIXTH,604,33,NONE,NONE,NONE,NONE
549790,07172082,12/16/2007 12:00:00 AM,MID,ROBBERY,OTHER ARMED,3/5/2010 7:16:57 AM,4800 B/O 4TH ST NW,"C-1 REPORTS THAT C-1 AND S-1 WERE INSIDE THE LISTED LOCATION CONSUMING ALCOHOL. S-1 THEN BEGAN TO GO THROUGH C-1''S PANTS POCKETS AND TOOK THE LISTED PROPERTY. C-1 THEN STATED TO S-1 WHAT DID YOU DO WITH MY MONEY? , AND S-1 STATED I DON''T HAVE YOUR MONEY.",38.94922677426940,-77.017434589297,WASHINGTON,DC,4,4D,4D05,FOURTH,403,18,NONE,NONE,NONE,NONE
549944,07173057,12/18/2007 12:00:00 AM,UNK,THEFT,1,3/5/2010 7:16:57 AM,400 B/O FLORIDA AVE NW,R-1 REPORTS S-1 TOOK THE LISTED PROPERTY BELONGING TO C-1 AND USED IT TO MAKE MULTIPLE PURCHASES.,38.91415300994180,-77.01692443940840,WASHINGTON,DC,5,5C,5C01,FIFTH,501,21,NONE,NONE,NONE,NONE
568876,07128449,9/18/2007 12:00:00 AM,DAY,THEFT,1,3/5/2010 7:16:57 AM,5300 B/O E ST SE,NO NARRATIVE IS AVAILABLE.,38.88184781944330,-76.92561776412910,WASHINGTON,DC,7,7E,7E06,SIXTH,604,33,NONE,NONE,NONE,NONE
569182,07051509,4/22/2007 12:00:00 AM,EVN,THEFT F/AUTO,2,3/5/2010 7:16:57 AM,400 B/O FLORIDA AVE NW,NO NARRATIVE IS AVAILABLE.,38.91415300994180,-77.01692443940840,WASHINGTON,DC,5,5C,5C01,FIFTH,501,21,NONE,NONE,NONE,NONE
569872,08002193,1/5/2008 12:00:00 AM,MID,STOLEN AUTO,STOLEN AUTO,3/5/2010 7:16:57 AM,4800 B/O 4TH ST NW,R-1 RPTS FOR C-1 THAT S-1 STOLE THE LISTED AUTO. R-1 WAS WARMING UP THE LISTED AUTO WHEN S-1 ENTERED THE AUTO AND FLED SOUTH IN THE 4800 BLK OF 4TH ST NW. KEYS ARE IN THE AUTO AND THE REG. IS WITH C-1.,38.94922677426940,-77.017434589297,WASHINGTON,DC,4,4D,4D05,FOURTH,403,18,NONE,NONE,NONE,NONE
570949,08005988,1/14/2008 12:00:00 AM,MID,THEFT F/AUTO,1,3/5/2010 7:16:57 AM,1400 B/O OAK ST NW,S-1 SMASHED THE DRIVERS SIDE WINDOW THEN STOLE THE LISTED PROPERTY.,38.93420180385450,-77.03401294921880,WASHINGTON,DC,1,1A,1A02,THIRD,302,2,NONE,NONE,NONE,NONE
571936,07173059,12/18/2007 12:00:00 AM,UNK,THEFT,1,3/5/2010 7:16:57 AM,400 B/O FLORIDA AVE NW,NO NARRATIVE IS AVAILABLE.,38.91415300994180,-77.01692443940840,WASHINGTON,DC,5,5C,5C01,FIFTH,501,21,NONE,NONE,NONE,NONE
576063,08024141,2/22/2008 12:00:00 AM,EVN,THEFT F/AUTO,2,3/5/2010 7:16:57 AM,4400 B/O DOUGLAS ST NE,C-1 REPORTS THAT S-1 TOOK BOTH TAGS OFF OF THE LISTED VEHICLE WITHOUT PERMISSION.,38.91046913954820,-76.93885355643460,WASHINGTON,DC,7,7D,7D03,SIXTH,601,29,NONE,NONE,NONE,NONE
581276,08045986,4/7/2008 12:00:00 AM,DAY,BURGLARY,2,3/5/2010 7:16:57 AM,4800 B/O 4TH ST NW,C-1 RPTS THAT S-1 ENTERED THE LISTED LOCATION AND ONCE INSIDE STOLE THE LISTED PROPERTY.,38.94922677426940,-77.017434589297,WASHINGTON,DC,4,4D,4D05,FOURTH,403,18,NONE,NONE,NONE,NONE
581382,08046212,4/8/2008 12:00:00 AM,DAY,BURGLARY,2,3/5/2010 7:16:57 AM,4800 B/O 4TH ST NW,NO NARRATIVE IS AVAILABLE.,38.94922677426940,-77.017434589297,WASHINGTON,DC,4,4D,4D05,FOURTH,403,18,NONE,NONE,NONE,NONE
585537,08060736,5/6/2008 12:00:00 AM,DAY,BURGLARY,2,3/5/2010 7:16:57 AM,4800 B/O 4TH ST NW,"R-1 RPTS FOR C-1 THAT S-1 CUT THE SCREEN OF THE REAR WINDOW OF THE LISTED LOCATION, REACHED IN AND OPENED THE DOOR. ONCE INSIDE S-1 STOLE THE LISTED PROPERTY.",38.94922677426940,-77.017434589297,WASHINGTON,DC,4,4D,4D05,FOURTH,403,18,NONE,NONE,NONE,NONE
598295,08099251,7/17/2008 12:00:00 AM,UNK,THEFT F/AUTO,1,3/5/2010 7:16:57 AM,1400 B/O OAK ST NW,"BETWEEN THE DATES TIMES AND LOCATION LISTED ON THIS REPORT, C-1 STATES THAT SUSPECTS UNKNOWN DID ENTER THE LISTED AUTO BY BREAKING OUT THE LEFT REAR PASSENGER WINDOW. SUSPECTS THEN STOLE THE LISTED PROPERTY FROM INSIDE.",38.93420180385450,-77.03401294921880,WASHINGTON,DC,1,1A,1A02,THIRD,302,2,NONE,NONE,NONE,NONE
598855,08101102,7/20/2008 12:00:00 AM,DAY,BURGLARY,2,3/5/2010 7:16:57 AM,4800 B/O 4TH ST NW,R-1 REPORTS FOR C-1 THAT UNKNOWN SUSPECT(S) ENTERED THE LISTED LOCATION VIA BREAKING THE FRONT DOOR AND STOLE THE LISTED PROPERTY FROM WITHIN.,38.94922677426940,-77.017434589297,WASHINGTON,DC,4,4D,4D05,FOURTH,403,18,NONE,NONE,NONE,NONE
598864,08100997,7/20/2008 12:00:00 AM,DAY,THEFT F/AUTO,ATTEMPT,3/5/2010 7:16:57 AM,1400 B/O OAK ST NW,C-1 REPORTS HEARING GLASS BREAKAGE. C-1 THEN OBSERVED S-1 ATTEMPTING TO TAKE PROPERTY OUT OF THE LISTED VEHICLE. C-1 STATES THAT HE AND W-1 ATTEMPTED TO STOP S-1 AT WHICH TIME S-1 PUSHED A TRASH CAN AT THEM AND FLED EASTBOUND.,38.93420180385450,-77.03401294921880,WASHINGTON,DC,1,1A,1A02,THIRD,302,2,NONE,NONE,NONE,NONE
606835,08116588,8/18/2008 12:00:00 AM,UNK,THEFT,1,3/5/2010 7:16:57 AM,3500 B/O T ST NW,RESIDENCE/HOME C-1 THAT UNKNOWN SUBJECT(S) STOLE THE LISTED PROPERTY IN AN UNKNOWN MANNER.,38.91547711639330,-77.07032571330610,WASHINGTON,DC,2,2E,2E01,SECOND,206,4,NONE,NONE,NONE,NONE
607094,08117279,8/19/2008 12:00:00 AM,EVN,THEFT,2,3/5/2010 7:16:57 AM,4800 B/O 4TH ST NW,C1 REPORTS THAT S1 STOLE THE LISTED PROPERTY FROM INSIDE THE LISTED LOCATION.,38.94922677426940,-77.017434589297,WASHINGTON,DC,4,4D,4D05,FOURTH,403,18,NONE,NONE,NONE,NONE
610866,08126516,9/6/2008 12:00:00 AM,EVN,THEFT F/AUTO,2,3/5/2010 7:16:57 AM,3500 B/O T ST NW,NO NARRATIVE IS AVAILABLE.,38.91547711639330,-77.07032571330610,WASHINGTON,DC,2,2E,2E01,SECOND,206,4,NONE,NONE,NONE,NONE
612109,08130777,9/14/2008 12:00:00 AM,DAY,BURGLARY,2,3/5/2010 7:16:57 AM,1400 B/O OAK ST NW,C-1 REPORTS THAT AN UNKNOWN SUSPECT ENTERED HIS HOME AND STOLE THE LISTED PROPERTY. SUSPECT ENTERED BY FORCING THE SCREEN AND OPENING THE REAR WINDOW.,38.93420180385450,-77.03401294921880,WASHINGTON,DC,1,1A,1A02,THIRD,302,2,NONE,NONE,NONE,NONE
654575,09002265,1/5/2009 12:00:00 AM,DAY,THEFT,2,3/5/2010 7:16:57 AM,400 B/O FLORIDA AVE NW,"R-1 REPORTS FOR C-1 THAT BETWEEN THE LISTED DATES AND TIMES, SUSPECT(S) UNKNOWN CAUSED DAMAGE TO THE LISTED PROPERTY BY UNKNOWN MEANS AND STOLE THE LISTED ITEMS.",38.91415300994180,-77.01692443940840,WASHINGTON,DC,5,5C,5C01,FIFTH,501,21,NONE,NONE,NONE,NONE
668802,09019522,2/11/2009 12:00:00 AM,MID,THEFT F/AUTO,2,3/5/2010 7:16:57 AM,1400 B/O OAK ST NW,SUSPECTS BROKE INTO THE LISTED VEHICLE.,38.93420180385450,-77.03401294921880,WASHINGTON,DC,1,1A,1A02,THIRD,302,2,NONE,NONE,NONE,NONE
671318,09027231,2/27/2009 12:00:00 AM,MID,ROBBERY,F&V,3/5/2010 7:16:57 AM,1400 B/O OAK ST NW,NO NARRATIVE IS AVAILABLE.,38.93420180385450,-77.03401294921880,WASHINGTON,DC,1,1A,1A02,THIRD,302,2,NONE,NONE,NONE,NONE
673807,09033617,3/13/2009 12:00:00 AM,EVN,THEFT,2,3/5/2010 7:16:57 AM,400 B/O FLORIDA AVE NW,NO NARRATIVE IS AVAILABLE.,38.91480407889120,-77.01846738631650,WASHINGTON,DC,2,2C,2C02,THIRD,308,3,NONE,NONE,NONE,NONE
687071,09066789,5/17/2009 12:00:00 AM,EVN,BURGLARY,1,3/5/2010 7:16:57 AM,1400 B/O OAK ST NW,NO NARRATIVE IS AVAILABLE.,38.93420180385450,-77.03401294921880,WASHINGTON,DC,1,1A,1A02,THIRD,302,2,NONE,NONE,NONE,NONE
711986,09103057,7/22/2009 12:00:00 AM,UNK,SEX ABUSE,ADULT 1ST,3/5/2010 7:16:57 AM,2100 B/O RIDGECREST CT SE,"TO PROTECT THE VICTIM'S PRIVACY, THE NARRATIVE IS NOT AVAILABLE.",39.08181604681790,-76.97343358250020,WASHINGTON,DC,8,8B,8B05,SEVENTH,704,38,NONE,NONE,NONE,NONE
718974,09087835,6/25/2009 12:00:00 AM,DAY,THEFT F/AUTO,1,3/5/2010 7:16:57 AM,400 B/O FLORIDA AVE NW,NO NARRATIVE IS AVAILABLE.,38.91480407889120,-77.01846738631650,WASHINGTON,DC,2,2C,2C02,THIRD,308,3,NONE,NONE,NONE,NONE
726632,09117527,8/18/2009 12:00:00 AM,UNK,ROBBERY,F&V,3/5/2010 7:16:57 AM,1400 B/O OAK ST NW,NO NARRATIVE IS AVAILABLE.,38.93420180385450,-77.03401294921880,WASHINGTON,DC,1,1A,1A02,THIRD,302,2,NONE,NONE,NONE,NONE
730119,09120399,8/23/2009 12:00:00 AM,UNK,STOLEN AUTO,STOLEN AUTO,3/5/2010 7:16:57 AM,5500 B/O 9TH ST NW,NO NARRATIVE IS AVAILABLE.,38.956812164603,-77.02578280301550,WASHINGTON,DC,4,4D,4D01,FOURTH,403,18,NONE,NONE,NONE,NONE
742736,09133061,9/16/2009 12:00:00 AM,UNK,THEFT,1,3/5/2010 7:16:57 AM,4800 B/O 4TH ST NW,NO NARRATIVE IS AVAILABLE.,38.94922677426940,-77.017434589297,WASHINGTON,DC,4,4D,4D05,FOURTH,403,18,NONE,NONE,NONE,NONE
745724,09136332,9/22/2009 12:00:00 AM,UNK,THEFT F/AUTO,2,3/5/2010 7:16:57 AM,14TH ST NW & W ST NW,NO NARRATIVE IS AVAILABLE.,38.91918516422920,-77.03195148689910,WASHINGTON,DC,1,1B,1B04,THIRD,305,3,14TH ST NW & CLIFTON ST NW,14TH ST NW & CLIFTON ST NW,14TH ST NW,NONE
748940,09140009,9/29/2009 12:00:00 AM,UNK,THEFT F/AUTO,2,3/5/2010 7:16:57 AM,1400 B/O OAK ST NW,NO NARRATIVE IS AVAILABLE.,38.93420180385450,-77.03401294921880,WASHINGTON,DC,1,1A,1A02,THIRD,302,2,NONE,NONE,NONE,NONE
759978,09151631,10/22/2009 12:00:00 AM,UNK,BURGLARY,2,3/5/2010 7:16:57 AM,7200 B/O 7TH ST NW,NO NARRATIVE IS AVAILABLE.,38.97777567205380,-77.02294190836960,WASHINGTON,DC,4,4B,4B01,FOURTH,401,17,NONE,NONE,NONE,NONE
760530,09152154,10/22/2009 12:00:00 AM,UNK,BURGLARY,2,3/5/2010 7:16:57 AM,3700 B/O 9TH ST NW,NO NARRATIVE IS AVAILABLE.,38.93676146691520,-77.02531858409940,WASHINGTON,DC,4,4C,4C06,FOURTH,404,18,NONE,NONE,NONE,NONE
763729,09155603,10/30/2009 12:00:00 AM,UNK,BURGLARY,2,3/5/2010 7:16:57 AM,6900 B/O 4TH ST NW,NO NARRATIVE IS AVAILABLE.,38.97404625303040,-77.01803187912710,WASHINGTON,DC,4,4B,4B02,FOURTH,401,17,NONE,NONE,NONE,NONE
771221,09162677,11/13/2009 12:00:00 AM,UNK,BURGLARY,2,3/5/2010 7:16:57 AM,1200 B/O SHEPHERD ST NW,NO NARRATIVE IS AVAILABLE.,38.93974208771190,-77.02860873936470,WASHINGTON,DC,4,4C,4C06,FOURTH,404,18,NONE,NONE,NONE,NONE
773302,09165306,11/18/2009 12:00:00 AM,UNK,BURGLARY,2,3/5/2010 7:16:57 AM,5600 B/O 5TH ST NW,NO NARRATIVE IS AVAILABLE.,38.95807178504840,-77.01996543106360,WASHINGTON,DC,4,4B,4B05,FOURTH,403,18,NONE,NONE,NONE,NONE
773974,09166098,11/19/2009 12:00:00 AM,UNK,BURGLARY,2,3/5/2010 7:16:57 AM,1300 B/O WEBSTER ST NW,NO NARRATIVE IS AVAILABLE.,38.94399666273780,-77.03242755226570,WASHINGTON,DC,4,4C,4C03,FOURTH,404,18,NONE,NONE,NONE,NONE
774955,09167160,11/21/2009 12:00:00 AM,UNK,BURGLARY,2,3/5/2010 7:16:57 AM,4800 B/O ILLINOIS AVE NW,NO NARRATIVE IS AVAILABLE.,38.949108001803,-77.02299331891790,WASHINGTON,DC,4,4D,4D06,FOURTH,403,18,NONE,NONE,NONE,NONE
775700,09168059,11/23/2009 12:00:00 AM,UNK,THEFT,2,3/5/2010 7:16:57 AM,4800 B/O 4TH ST NW,NO NARRATIVE IS AVAILABLE.,38.94922677426940,-77.017434589297,WASHINGTON,DC,4,4D,4D05,FOURTH,403,18,NONE,NONE,NONE,NONE
777421,09170150,11/28/2009 12:00:00 AM,UNK,BURGLARY,2,3/5/2010 7:16:57 AM,4900 B/O 5TH ST NW,NO NARRATIVE IS AVAILABLE.,38.95017694639820,-77.01959225544810,WASHINGTON,DC,4,4D,4D03,FOURTH,403,18,NONE,NONE,NONE,NONE
779307,09172455,12/3/2009 12:00:00 AM,UNK,BURGLARY,2,3/5/2010 7:16:57 AM,5000 B/O 1ST ST NW,NO NARRATIVE IS AVAILABLE.,38.95158060557920,-77.011831797925,WASHINGTON,DC,4,4D,4D05,FOURTH,403,19,NONE,NONE,NONE,NONE
781558,09175318,12/9/2009 12:00:00 AM,UNK,BURGLARY,2,3/5/2010 7:16:57 AM,800 B/O KENNEDY ST NW,NO NARRATIVE IS AVAILABLE.,38.95630324936320,-77.02489532848690,WASHINGTON,DC,4,4D,4D01,FOURTH,403,18,NONE,NONE,NONE,NONE
781955,09175863,12/10/2009 12:00:00 AM,UNK,SEX ABUSE,CHILD 1ST,3/5/2010 7:16:57 AM,3900 B/O ALABAMA AVE SE,"TO PROTECT THE VICTIM'S PRIVACY, THE NARRATIVE IS NOT AVAILABLE.",38.86794546718270,-76.94901296086290,WASHINGTON,DC,7,7B,7B07,SIXTH,605,34,NONE,NONE,NONE,NONE
782285,09176228,12/11/2009 12:00:00 AM,UNK,BURGLARY,1,3/5/2010 7:16:57 AM,5300 B/O 16TH ST NW,NO NARRATIVE IS AVAILABLE.,38.95467331110780,-77.03640511572960,WASHINGTON,DC,4,4A,4A08,FOURTH,403,18,NONE,NONE,NONE,NONE
782752,09176798,12/12/2009 12:00:00 AM,UNK,THEFT,1,3/5/2010 7:16:57 AM,3500 B/O T ST NW,NO NARRATIVE IS AVAILABLE.,38.91547711639330,-77.07032571330610,WASHINGTON,DC,2,2E,2E01,SECOND,206,4,NONE,NONE,NONE,NONE
784151,09178549,12/15/2009 12:00:00 AM,UNK,BURGLARY,2,3/5/2010 7:16:57 AM,700 B/O JEFFERSON ST NW,NO NARRATIVE IS AVAILABLE.,38.95528230119940,-77.02312366126280,WASHINGTON,DC,4,4D,4D04,FOURTH,403,18,NONE,NONE,NONE,NONE
791144,10001855,1/5/2010 12:00:00 AM,UNK,THEFT F/AUTO,2,3/5/2010 7:16:57 AM,2300 B/O M ST NW,NO NARRATIVE IS AVAILABLE.,38.905261687492,-77.050758416837,WASHINGTON,DC,2,2A,2A02,SECOND,207,5,NONE,NONE,NONE,NONE
791279,10002036,1/5/2010 12:00:00 AM,UNK,THEFT,1,3/5/2010 7:16:57 AM,1400 B/O OAK ST NW,NO NARRATIVE IS AVAILABLE.,38.93420180385450,-77.03401294921880,WASHINGTON,DC,1,1A,1A02,THIRD,302,2,NONE,NONE,NONE,NONE
800432,10012843,1/28/2010 12:00:00 AM,UNK,ADW,OTHER,3/5/2010 7:17:07 AM,14TH ST NW & IRVING ST NW,NO NARRATIVE IS AVAILABLE.,38.92880505634210,-77.03261236280030,WASHINGTON,DC,1,1A,1A05,THIRD,302,2,NONE,NONE,NONE,NONE
800529,10012901,1/28/2010 12:00:00 AM,UNK,ROBBERY,GUN,3/5/2010 7:16:57 AM,4700 B/O C ST SE,NO NARRATIVE IS AVAILABLE.,38.88587232260970,-76.934816362153,WASHINGTON,DC,7,7E,7E04,SIXTH,604,33,NONE,NONE,NONE,NONE
800690,10013132,1/29/2010 12:00:00 AM,UNK,THEFT,1,3/5/2010 7:16:57 AM,1400 B/O OAK ST NW,NO NARRATIVE IS AVAILABLE.,38.93420180385450,-77.03401294921880,WASHINGTON,DC,1,1A,1A02,THIRD,302,2,NONE,NONE,NONE,NONE
800817,10013232,1/29/2010 12:00:00 AM,UNK,THEFT,2,3/5/2010 7:16:57 AM,1000 B/O CONNECTICUT AVE NW,NO NARRATIVE IS AVAILABLE.,38.90314423119450,-77.03966701890980,WASHINGTON,DC,2,2B,2B06,SECOND,208,6,NONE,NONE,NONE,GOLDEN TRIANGLE BID
802114,10015083,2/2/2010 12:00:00 AM,UNK,STOLEN AUTO,STOLEN AUTO,3/5/2010 7:16:57 AM,5000 B/O JUST ST NE,NO NARRATIVE IS AVAILABLE.,38.902655884196,-76.92729819585650,WASHINGTON,DC,7,7C,7C04,SIXTH,602,31,NONE,NONE,NONE,NONE
804247,10017659,2/11/2010 12:00:00 AM,UNK,STOLEN AUTO,STOLEN AUTO,3/5/2010 7:16:57 AM,1400 B/O STAPLES ST NE,NO NARRATIVE IS AVAILABLE.,38.90406939558060,-76.98378395110650,WASHINGTON,DC,5,5B,5B07,FIFTH,504,23,NONE,NONE,NONE,NONE
805034,10018601,2/13/2010 12:00:00 AM,UNK,THEFT,2,3/5/2010 7:16:57 AM,17TH ST NW & I ST NW,NO NARRATIVE IS AVAILABLE.,38.901340382172,-77.03944733617240,WASHINGTON,DC,2,2B,2B05,SECOND,208,6,NONE,NONE,NONE,GOLDEN TRIANGLE BID
806427,10020473,2/18/2010 12:00:00 AM,UNK,STOLEN AUTO,STOLEN AUTO,3/5/2010 7:16:57 AM,1400 B/O ROCK CREEK FORD RD NW,NO NARRATIVE IS AVAILABLE.,38.96373608926690,-77.034674282044,WASHINGTON,DC,4,4A,4A07,FOURTH,402,17,NONE,NONE,NONE,NONE
806668,10020812,2/18/2010 12:00:00 AM,UNK,ROBBERY,GUN,3/5/2010 7:16:57 AM,600 B/O 49TH ST NE,NO NARRATIVE IS AVAILABLE.,38.89731181477990,-76.93255468174980,WASHINGTON,DC,7,7C,7C03,SIXTH,602,31,NONE,NONE,NONE,NONE
807074,10021278,2/19/2010 12:00:00 AM,UNK,BURGLARY,1,3/5/2010 7:16:57 AM,100 B/O WEBSTER ST NW,NO NARRATIVE IS AVAILABLE.,38.94436373309130,-77.01342485996220,WASHINGTON,DC,4,4C,4C09,FOURTH,404,18,NONE,NONE,NONE,NONE
807253,10021584,2/20/2010 12:00:00 AM,UNK,ROBBERY,PBS,3/5/2010 7:16:57 AM,2800 B/O QUEBEC ST NW,NO NARRATIVE IS AVAILABLE.,38.93704855754580,-77.05685199307730,WASHINGTON,DC,3,3C,3C04,SECOND,204,15,NONE,NONE,NONE,NONE
807791,10022340,2/21/2010 12:00:00 AM,UNK,THEFT,2,3/5/2010 7:16:58 AM,2000 B/O H ST NW,NO NARRATIVE IS AVAILABLE.,38.89957567186710,-77.04577890387710,WASHINGTON,DC,2,2A,2A01,SECOND,207,5,NONE,NONE,NONE,NONE
808637,10023450,2/24/2010 12:00:00 AM,UNK,THEFT F/AUTO,1,3/5/2010 7:16:58 AM,3400 B/O CROFFUT PL SE,NO NARRATIVE IS AVAILABLE.,38.88679728680680,-76.95565060250130,WASHINGTON,DC,7,7A,7A03,SIXTH,603,32,NONE,NONE,NONE,NONE
808855,10023702,2/24/2010 12:00:00 AM,UNK,ROBBERY,F&V,3/5/2010 7:16:58 AM,5000 B/O GEORGIA AVE NW,NO NARRATIVE IS AVAILABLE.,38.95117038476480,-77.02733313848050,WASHINGTON,DC,4,4C,4C02,FOURTH,403,18,NONE,NONE,NONE,NONE
808970,10023907,2/25/2010 12:00:00 AM,UNK,STOLEN AUTO,STOLEN AUTO,3/5/2010 7:16:58 AM,1100 B/O STEVENS RD SE,NO NARRATIVE IS AVAILABLE.,38.86008143830650,-77.00099778314650,WASHINGTON,DC,8,8C,8C01,SEVENTH,703,37,NONE,NONE,NONE,NONE
809223,10024238,2/25/2010 12:00:00 AM,UNK,THEFT,1,3/5/2010 7:16:58 AM,UNIT B/O ELMIRA ST SW,NO NARRATIVE IS AVAILABLE.,38.82607422052680,-77.008900916087,WASHINGTON,DC,8,8D,8D06,SEVENTH,706,39,NONE,NONE,NONE,NONE
809451,10024549,2/26/2010 12:00:00 AM,UNK,THEFT,1,3/5/2010 7:16:58 AM,3000 B/O STANTON RD SE,NO NARRATIVE IS AVAILABLE.,38.85391414177290,-76.98446426872640,WASHINGTON,DC,8,8B,8B04,SEVENTH,704,38,NONE,NONE,NONE,NONE
809510,10024616,2/26/2010 12:00:00 AM,UNK,ADW,GUN,3/5/2010 7:16:58 AM,8TH ST NE & F ST NE,NO NARRATIVE IS AVAILABLE.,38.897333197153,-76.994965134719,WASHINGTON,DC,6,6C,6C06,FIRST,102,25,NONE,NONE,NONE,NONE
809656,10024784,2/26/2010 12:00:00 AM,UNK,THEFT,2,3/5/2010 7:16:58 AM,3400 B/O 22ND ST SE,NO NARRATIVE IS AVAILABLE.,38.84565999095710,-76.972771335691,WASHINGTON,DC,8,8B,8B06,SEVENTH,704,38,NONE,NONE,NONE,NONE
809703,10024853,2/26/2010 12:00:00 AM,UNK,THEFT,2,3/5/2010 7:16:58 AM,1600 B/O MARYLAND AVE NE,NO NARRATIVE IS AVAILABLE.,38.90136164033650,-76.98039478088390,WASHINGTON,DC,5,5B,5B10,FIFTH,504,23,NONE,NONE,NONE,NONE
809711,10024801,2/26/2010 12:00:00 AM,UNK,THEFT F/AUTO,ATTEMPT,3/5/2010 7:16:58 AM,4200 B/O EAST CAPITOL ST,NO NARRATIVE IS AVAILABLE.,38.88977763685860,-76.94020721658720,WASHINGTON,DC,7,7D,7D05,SIXTH,603,32,NONE,NONE,NONE,NONE
810041,10025301,2/27/2010 12:00:00 AM,UNK,THEFT,SHOPLIFTING,3/5/2010 7:16:58 AM,2200 B/O MARTIN LUTHER KING JR AVE SE,NO NARRATIVE IS AVAILABLE.,38.86385669574260,-76.99033562489710,WASHINGTON,DC,8,8A,8A03,SEVENTH,701,28,NONE,NONE,NONE,NONE
810114,10025470,2/28/2010 12:00:00 AM,UNK,BURGLARY,2,3/5/2010 7:16:58 AM,3500 B/O BROTHERS PL SE,NO NARRATIVE IS AVAILABLE.,38.84043109593680,-77.00559622726570,WASHINGTON,DC,8,8C,8C04,SEVENTH,705,39,NONE,NONE,NONE,NONE
810325,10025711,2/28/2010 12:00:00 AM,UNK,THEFT,2,3/5/2010 7:16:58 AM,1700 B/O 18TH ST NW,NO NARRATIVE IS AVAILABLE.,38.91372426158150,-77.04166045811220,WASHINGTON,DC,2,2B,2B03,SECOND,208,6,NONE,NONE,NONE,NONE
810395,10025713,2/28/2010 12:00:00 AM,UNK,THEFT F/AUTO,2,3/5/2010 7:16:58 AM,4700 B/O 15TH ST NW,NO NARRATIVE IS AVAILABLE.,38.94772521159840,-77.03451760883940,WASHINGTON,DC,4,4C,4C02,FOURTH,404,18,NONE,NONE,NONE,NONE
810621,10026047,3/1/2010 12:00:00 AM,UNK,STOLEN AUTO,STOLEN AUTO,3/5/2010 7:16:58 AM,17TH ST NW & COLUMBIA RD NW,NO NARRATIVE IS AVAILABLE.,38.92494550898020,-77.03914879340120,WASHINGTON,DC,1,1C,1C05,THIRD,303,1,COLUMBIA RD NW & EUCLID ST NW,COLUMBIA RD NW & EUCLID ST NW,NONE,ADAMS MORGAN BID
810809,10026280,3/1/2010 12:00:00 AM,UNK,STOLEN AUTO,STOLEN AUTO,3/5/2010 7:16:58 AM,,NO NARRATIVE IS AVAILABLE.,0,0,,,NONE,NONE,NONE,NONE,NONE,NONE,NONE,NONE,NONE,NONE
810913,10026442,3/2/2010 12:00:00 AM,UNK,THEFT,2,3/5/2010 7:16:58 AM,2600 B/O WOODLEY RD NW,NO NARRATIVE IS AVAILABLE.,38.92570394351180,-77.05400526940730,WASHINGTON,DC,3,3C,3C02,SECOND,204,15,NONE,NONE,NONE,NONE
810945,10026478,3/2/2010 12:00:00 AM,UNK,ROBBERY,ASSAULT W/INTENT,3/5/2010 7:16:58 AM,1300 B/O I ST NW,NO NARRATIVE IS AVAILABLE.,38.90133186424990,-77.03079309909260,WASHINGTON,DC,2,2F,2F03,FIRST,101,8,NONE,NONE,NONE,DOWNTOWN BID
811188,10026826,3/3/2010 12:00:00 AM,UNK,THEFT,BICYCLE,3/5/2010 7:16:58 AM,100 B/O 11TH ST NE,NO NARRATIVE IS AVAILABLE.,38.89118811516630,-76.99153034628990,WASHINGTON,DC,6,6A,6A03,FIRST,103,26,NONE,NONE,NONE,NONE
811196,10026815,3/3/2010 12:00:00 AM,UNK,BURGLARY,2,3/5/2010 7:16:58 AM,300 B/O ELM ST NW,NO NARRATIVE IS AVAILABLE.,38.91742798534440,-77.01675708005930,WASHINGTON,DC,1,1B,1B01,THIRD,305,3,NONE,NONE,NONE,NONE
811228,09087043,6/23/2009 12:00:00 AM,EVN,STOLEN AUTO,STOLEN AUTO,3/5/2010 7:16:58 AM,UNIT B/O BRYANT ST NW,NO NARRATIVE IS AVAILABLE.,38.92130327224370,-77.01059541190960,WASHINGTON,DC,5,5C,5C07,FIFTH,501,21,NONE,NONE,NONE,NONE
811230,10026865,3/3/2010 12:00:00 AM,UNK,THEFT F/AUTO,2,3/5/2010 7:16:58 AM,4500 B/O BENNING RD NE,NO NARRATIVE IS AVAILABLE.,38.89022588004340,-76.937766656301,WASHINGTON,DC,7,7D,7D05,SIXTH,603,32,NONE,NONE,NONE,NONE
811233,09167973,11/24/2009 12:00:00 AM,EVN,STOLEN AUTO,STOLEN AUTO,3/5/2010 7:16:58 AM,2300 B/O 15TH ST NE,NO NARRATIVE IS AVAILABLE.,38.92077041762910,-76.98232213301780,WASHINGTON,DC,5,5B,5B03,FIFTH,505,22,NONE,NONE,NONE,NONE
811253,09112345,8/8/2009 12:00:00 AM,MID,STOLEN AUTO,STOLEN AUTO,3/5/2010 7:16:58 AM,1900 B/O M ST NE,NO NARRATIVE IS AVAILABLE.,38.90562195336390,-76.97579140864560,WASHINGTON,DC,5,5B,5B10,FIFTH,504,23,NONE,NONE,NONE,NONE
811260,09152091,10/23/2009 12:00:00 AM,EVN,STOLEN AUTO,STOLEN AUTO,3/5/2010 7:16:58 AM,900 B/O BRENTWOOD RD NE,NO NARRATIVE IS AVAILABLE.,38.918256591462,-76.99257898813480,WASHINGTON,DC,5,5B,5B03,FIFTH,505,21,NONE,NONE,NONE,NONE
811279,10026920,3/3/2010 12:00:00 AM,UNK,THEFT,2,3/5/2010 7:16:58 AM,2500 B/O VIRGINIA AVE NW,NO NARRATIVE IS AVAILABLE.,38.899774685285,-77.05495508525340,WASHINGTON,DC,2,2A,2A04,SECOND,207,5,NONE,NONE,NONE,NONE
811284,10026867,3/3/2010 12:00:00 AM,UNK,THEFT F/AUTO,2,3/5/2010 7:16:58 AM,5100 B/O SHERIER PL NW,NO NARRATIVE IS AVAILABLE.,38.92640372657310,-77.10451295481590,WASHINGTON,DC,3,3D,3D05,SECOND,205,13,NONE,NONE,NONE,NONE
811325,10026984,3/3/2010 12:00:00 AM,UNK,THEFT,2,3/5/2010 7:16:58 AM,600 B/O PENNSYLVANIA AVE SE,NO NARRATIVE IS AVAILABLE.,38.88511666079070,-76.99732716974210,WASHINGTON,DC,6,6B,6B02,FIRST,106,26,NONE,NONE,NONE,CAPITOL HILL BID
811330,10026971,3/3/2010 12:00:00 AM,UNK,ROBBERY,GUN,3/5/2010 7:16:58 AM,4TH ST NW & DECATUR ST NW,NO NARRATIVE IS AVAILABLE.,38.94853719106990,-77.01743153651670,,,4,4C,4C09,FOURTH,404,18,NONE,NONE,NONE,NONE
811340,10027003,3/3/2010 12:00:00 AM,UNK,THEFT,2,3/5/2010 7:16:58 AM,2900 B/O 12TH ST NE,NO NARRATIVE IS AVAILABLE.,38.92706306518710,-76.99056167417590,WASHINGTON,DC,5,5B,5B04,FIFTH,502,22,NONE,NONE,NONE,NONE
811341,10026999,3/3/2010 12:00:00 AM,UNK,THEFT,1,3/5/2010 7:16:58 AM,6100 B/O BLAIR RD NW,NO NARRATIVE IS AVAILABLE.,38.96437472600940,-77.01185303275560,WASHINGTON,DC,4,4B,4B06,FOURTH,402,17,NONE,NONE,NONE,NONE
811345,10027004,3/3/2010 12:00:00 AM,UNK,THEFT,BICYCLE,3/5/2010 7:16:58 AM,1100 B/O I ST NE,NO NARRATIVE IS AVAILABLE.,38.90131825406340,-76.99088571434790,WASHINGTON,DC,6,6A,6A01,FIRST,102,25,NONE,NONE,NONE,NONE
811346,10027002,3/3/2010 12:00:00 AM,UNK,THEFT,2,3/5/2010 7:16:58 AM,6200 B/O KANSAS AVE NE,NO NARRATIVE IS AVAILABLE.,38.96599484820670,-77.008005810880,WASHINGTON,DC,4,4B,4B07,FOURTH,402,19,NONE,NONE,NONE,NONE
811384,10027007,3/3/2010 12:00:00 AM,UNK,ADW,OTHER,3/5/2010 7:16:58 AM,1800 B/O CONSTITUTION AVE NE,NO NARRATIVE IS AVAILABLE.,38.89200426049880,-76.97818303462120,WASHINGTON,DC,6,6A,6A08,FIRST,103,25,NONE,NONE,NONE,NONE
811397,10027045,3/3/2010 12:00:00 AM,UNK,STOLEN AUTO,STOLEN AUTO,3/5/2010 7:16:58 AM,4TH ST NE & BRYANT ST NE,NO NARRATIVE IS AVAILABLE.,38.92129504708110,-77.00056862482160,WASHINGTON,DC,5,5C,5C08,FIFTH,501,21,NONE,NONE,NONE,NONE
811404,10027030,3/3/2010 12:00:00 AM,UNK,THEFT,2,3/5/2010 7:16:58 AM,4200 B/O 12TH PL NE,NO NARRATIVE IS AVAILABLE.,38.941260600203,-76.98926825019990,WASHINGTON,DC,5,5A,5A05,FOURTH,405,20,NONE,NONE,NONE,NONE
811517,10027165,3/3/2010 12:00:00 AM,UNK,BURGLARY,2,3/5/2010 7:16:58 AM,1300 B/O W ST SE,NO NARRATIVE IS AVAILABLE.,38.86435610588660,-76.98692894921230,WASHINGTON,DC,8,8A,8A05,SEVENTH,701,28,NONE,NONE,NONE,NONE
811532,10027130,3/3/2010 12:00:00 AM,UNK,THEFT,1,3/5/2010 7:16:58 AM,1800 B/O N ST NW,NO NARRATIVE IS AVAILABLE.,38.90724789056850,-77.04187501278540,WASHINGTON,DC,2,2B,2B02,SECOND,208,6,NONE,NONE,NONE,GOLDEN TRIANGLE BID
811542,10027204,3/3/2010 12:00:00 AM,UNK,THEFT,BICYCLE,3/5/2010 7:16:58 AM,200 B/O 12TH PL NE,NO NARRATIVE IS AVAILABLE.,38.892794092806,-76.98925897079680,WASHINGTON,DC,6,6A,6A03,FIRST,103,25,NONE,NONE,NONE,NONE
811554,10027167,3/3/2010 12:00:00 AM,UNK,THEFT,1,3/5/2010 7:16:58 AM,1700 B/O RHODE ISLAND AVE NW,NO NARRATIVE IS AVAILABLE.,38.90610286339560,-77.03980917614170,WASHINGTON,DC,2,2B,2B05,SECOND,208,6,NONE,NONE,NONE,GOLDEN TRIANGLE BID
811564,10027216,3/3/2010 12:00:00 AM,UNK,BURGLARY,2,3/5/2010 7:16:58 AM,3000 B/O VEAZEY TER NW,NO NARRATIVE IS AVAILABLE.,38.94424943440880,-77.06260954990350,WASHINGTON,DC,3,3F,3F02,SECOND,203,12,NONE,NONE,NONE,NONE
811572,10027247,3/4/2010 12:00:00 AM,UNK,THEFT F/AUTO,1,3/5/2010 7:17:07 AM,14TH ST SW & INDEPENDENCE AVE SW,NO NARRATIVE IS AVAILABLE.,38.88756755530310,-77.03195161998960,WASHINGTON,DC,2,2F,2F03,FIRST,104,9,NONE,NONE,NONE,NONE
811582,10027252,3/4/2010 12:00:00 AM,UNK,ADW,OTHER,3/5/2010 7:17:07 AM,1400 B/O SPRING RD NW,NO NARRATIVE IS AVAILABLE.,38.93739605776830,-77.03431782359460,WASHINGTON,DC,1,1A,1A01,THIRD,302,2,NONE,NONE,NONE,NONE
811588,10027265,3/4/2010 12:00:00 AM,UNK,ROBBERY,F&V,3/5/2010 7:17:07 AM,EMERSON ST NW & KANSAS AVE NW,NO NARRATIVE IS AVAILABLE.,38.94994136007220,-77.01994251836740,,,4,4D,4D03,FOURTH,403,18,NONE,NONE,NONE,NONE
811590,10027287,3/4/2010 12:00:00 AM,UNK,THEFT F/AUTO,1,3/5/2010 7:17:07 AM,3500 B/O CARPENTER ST SE,NO NARRATIVE IS AVAILABLE.,38.87045511163290,-76.95428298924610,WASHINGTON,DC,7,7B,7B07,SIXTH,605,34,NONE,NONE,NONE,NONE
811598,10027257,3/4/2010 12:00:00 AM,UNK,THEFT F/AUTO,1,3/5/2010 7:17:07 AM,700 B/O PENNSYLVANIA AVE NW,NO NARRATIVE IS AVAILABLE.,38.893595063753,-77.02294300681810,WASHINGTON,DC,6,6C,6C09,FIRST,101,8,NONE,NONE,NONE,DOWNTOWN BID
811610,10027298,3/4/2010 12:00:00 AM,UNK,ARSON,ARSON,3/5/2010 7:17:07 AM,700 B/O IRVING ST NE,NO NARRATIVE IS AVAILABLE.,38.92841545369110,-76.99556780586290,WASHINGTON,DC,5,5C,5C09,FIFTH,501,21,NONE,NONE,NONE,NONE
811621,10027234,3/3/2010 12:00:00 AM,UNK,ADW,OTHER,3/5/2010 7:17:07 AM,5000 B/O B ST SE,NO NARRATIVE IS AVAILABLE.,38.88650824607370,-76.929232795096,WASHINGTON,DC,7,7E,7E05,SIXTH,604,33,NONE,NONE,NONE,NONE
811625,10027314,3/4/2010 12:00:00 AM,UNK,THEFT,1,3/5/2010 7:17:07 AM,900 B/O 11TH ST NE,NO NARRATIVE IS AVAILABLE.,38.901916091175,-76.99152727118160,WASHINGTON,DC,6,6A,6A01,FIRST,102,25,NONE,NONE,NONE,NONE
811628,10027308,3/4/2010 12:00:00 AM,UNK,STOLEN AUTO,STOLEN AUTO,3/5/2010 7:17:07 AM,3300 B/O V ST NE,NO NARRATIVE IS AVAILABLE.,38.91852790848140,-76.958604115198,WASHINGTON,DC,5,5B,5B09,FIFTH,503,24,NONE,NONE,NONE,NONE
811642,10027337,3/4/2010 12:00:00 AM,UNK,ADW,OTHER,3/5/2010 7:17:07 AM,800 B/O 14TH ST NW,NO NARRATIVE IS AVAILABLE.,38.90077176551940,-77.03196154057340,WASHINGTON,DC,2,2F,2F03,FIRST,101,8,NONE,NONE,NONE,DOWNTOWN BID
811644,10027335,3/4/2010 12:00:00 AM,UNK,THEFT,1,3/5/2010 7:17:07 AM,1100 B/O K ST NE,NO NARRATIVE IS AVAILABLE.,38.90251087558510,-76.99088267981390,WASHINGTON,DC,6,6A,6A01,FIRST,102,25,NONE,NONE,NONE,NONE
811646,10027340,3/4/2010 12:00:00 AM,UNK,THEFT F/AUTO,1,3/5/2010 7:17:07 AM,100 B/O UHLAND TER NE,NO NARRATIVE IS AVAILABLE.,38.91755761714860,-77.00429999352230,WASHINGTON,DC,5,5C,5C06,FIFTH,501,21,NONE,NONE,NONE,NONE
811662,10027346,3/4/2010 12:00:00 AM,UNK,STOLEN AUTO,STOLEN AUTO,3/5/2010 7:17:07 AM,1300 B/O VALLEY PL SE,NO NARRATIVE IS AVAILABLE.,38.86265403716390,-76.98706457430220,WASHINGTON,DC,8,8A,8A05,SEVENTH,701,28,NONE,NONE,NONE,NONE
811666,10027343,3/4/2010 12:00:00 AM,UNK,THEFT F/AUTO,2,3/5/2010 7:17:07 AM,1500 B/O A ST SE,NO NARRATIVE IS AVAILABLE.,38.88867299426910,-76.982932698673,WASHINGTON,DC,6,6B,6B08,FIRST,107,26,NONE,NONE,NONE,NONE
811668,10027354,3/4/2010 12:00:00 AM,UNK,STOLEN AUTO,STOLEN AUTO,3/5/2010 7:17:07 AM,100 B/O TAUSSIG PL NE,NO NARRATIVE IS AVAILABLE.,38.94150772314090,-77.00512654421730,WASHINGTON,DC,5,5C,5C12,FOURTH,405,19,NONE,NONE,NONE,NONE
811674,10027057,3/3/2010 12:00:00 AM,UNK,BURGLARY,1 ARMED,3/5/2010 7:17:07 AM,3400 B/O 13TH PL SE,NO NARRATIVE IS AVAILABLE.,38.84164759267620,-76.98728147760370,WASHINGTON,DC,8,8E,8E03,SEVENTH,705,38,NONE,NONE,NONE,NONE
811682,10027353,3/4/2010 12:00:00 AM,UNK,THEFT F/AUTO,2,3/5/2010 7:17:07 AM,700 B/O LONGFELLOW ST NW,NO NARRATIVE IS AVAILABLE.,38.95742132110480,-77.02322638980070,WASHINGTON,DC,4,4D,4D01,FOURTH,403,18,NONE,NONE,NONE,NONE
811684,10027357,3/4/2010 12:00:00 AM,UNK,THEFT F/AUTO,2,3/5/2010 7:17:07 AM,3800 B/O HARRISON ST NW,NO NARRATIVE IS AVAILABLE.,38.957018837150,-77.07586644375650,WASHINGTON,DC,3,3E,3E04,SECOND,202,11,NONE,NONE,NONE,NONE
811686,10027375,3/4/2010 12:00:00 AM,UNK,THEFT,2,3/5/2010 7:17:07 AM,58TH ST NE & EAST CAPITOL ST,NO NARRATIVE IS AVAILABLE.,38.88976069727510,-76.91778036393640,WASHINGTON,DC,7,7E,7E07,SIXTH,604,31,NONE,NONE,NONE,NONE
811689,10027379,3/4/2010 12:00:00 AM,UNK,STOLEN AUTO,STOLEN AUTO,3/5/2010 7:17:07 AM,5000 B/O BASS PL SE,NO NARRATIVE IS AVAILABLE.,38.88583481688720,-76.92937861743240,WASHINGTON,DC,7,7E,7E05,SIXTH,604,33,NONE,NONE,NONE,NONE
811693,10027399,3/4/2010 12:00:00 AM,UNK,THEFT F/AUTO,1,3/5/2010 7:17:07 AM,2000 B/O TRUMBULL TER NW,NO NARRATIVE IS AVAILABLE.,38.94153061958910,-77.046294275532,WASHINGTON,DC,4,4A,4A08,FOURTH,404,18,NONE,NONE,NONE,NONE
811696,10027393,3/4/2010 12:00:00 AM,UNK,THEFT,2,3/5/2010 7:17:07 AM,600 B/O 46TH PL SE,NO NARRATIVE IS AVAILABLE.,38.88108574903140,-76.93553486130070,WASHINGTON,DC,7,7A,7A01,SIXTH,604,33,NONE,NONE,NONE,NONE
811700,10027363,3/4/2010 12:00:00 AM,UNK,BURGLARY,2,3/5/2010 7:17:07 AM,5300 B/O 28TH ST NW,NO NARRATIVE IS AVAILABLE.,38.95971054865110,-77.05747580671120,WASHINGTON,DC,4,3G,3G03,SECOND,201,10,NONE,NONE,NONE,NONE
811706,10027398,3/4/2010 12:00:00 AM,UNK,THEFT,2,3/5/2010 7:17:07 AM,5500 B/O CONNECTICUT AVE NW,NO NARRATIVE IS AVAILABLE.,38.963545736537,-77.07478444795210,WASHINGTON,DC,3,3G,3G06,SECOND,201,10,NONE,NONE,NONE,NONE
811710,10027373,3/4/2010 12:00:00 AM,UNK,BURGLARY,2,3/5/2010 7:17:07 AM,3600 B/O 14TH ST NW,NO NARRATIVE IS AVAILABLE.,38.93667128886070,-77.03273023523430,WASHINGTON,DC,1,1A,1A01,THIRD,302,2,NONE,NONE,NONE,NONE
811712,10027389,3/4/2010 12:00:00 AM,UNK,THEFT F/AUTO,2,3/5/2010 7:17:07 AM,7TH ST SW & G ST SW,NO NARRATIVE IS AVAILABLE.,38.88127993635430,-77.02190588767240,WASHINGTON,DC,6,6D,6D01,FIRST,104,9,NONE,NONE,NONE,NONE
811721,10027402,3/4/2010 12:00:00 AM,UNK,BURGLARY,1,3/5/2010 7:17:07 AM,4900 B/O 1ST ST NW,NO NARRATIVE IS AVAILABLE.,38.95028725484750,-77.01278693520740,WASHINGTON,DC,4,4D,4D05,FOURTH,403,19,NONE,NONE,NONE,NONE
811739,10027445,3/4/2010 12:00:00 AM,UNK,THEFT,2,3/5/2010 7:17:07 AM,3900 B/O CHESAPEAKE ST NW,NO NARRATIVE IS AVAILABLE.,38.95072098507490,-77.07779569304470,WASHINGTON,DC,3,3F,3F06,SECOND,202,11,NONE,NONE,NONE,NONE
811743,10027420,3/4/2010 12:00:00 AM,UNK,ROBBERY,FEAR,3/5/2010 7:17:07 AM,400 B/O M ST SW,NO NARRATIVE IS AVAILABLE.,38.87646159097290,-77.01872569353370,WASHINGTON,DC,6,6D,6D01,FIRST,104,9,NONE,NONE,NONE,NONE
811745,10027455,3/4/2010 12:00:00 AM,UNK,STOLEN AUTO,STOLEN AUTO,3/5/2010 7:17:07 AM,3500 B/O 6TH ST SE,NO NARRATIVE IS AVAILABLE.,38.839071056405,-76.99845423679430,WASHINGTON,DC,8,8E,8E05,SEVENTH,705,39,NONE,NONE,NONE,NONE
811749,10027467,3/4/2010 12:00:00 AM,UNK,STOLEN AUTO,STOLEN AUTO,3/5/2010 7:17:07 AM,1800 B/O COLUMBIA RD NW,NO NARRATIVE IS AVAILABLE.,38.92158251519320,-77.04349981169470,WASHINGTON,DC,1,1C,1C03,THIRD,303,1,NONE,NONE,NONE,ADAMS MORGAN BID
811760,10027424,3/4/2010 12:00:00 AM,UNK,ROBBERY,F&V,3/5/2010 7:17:08 AM,,NO NARRATIVE IS AVAILABLE.,0,0,,,NONE,NONE,NONE,NONE,NONE,NONE,NONE,NONE,NONE,NONE
811761,10027479,3/4/2010 12:00:00 AM,UNK,ROBBERY,ATTEMPT,3/5/2010 7:17:08 AM,1800 B/O ADAMS MILL RD NW,NO NARRATIVE IS AVAILABLE.,38.92309789359960,-77.04301754828560,WASHINGTON,DC,1,1C,1C04,THIRD,303,1,NONE,NONE,NONE,ADAMS MORGAN BID
811762,10027441,3/4/2010 12:00:00 AM,UNK,ADW,OTHER,3/5/2010 7:17:08 AM,900 B/O E ST NW,NO NARRATIVE IS AVAILABLE.,38.896131909821,-77.02497519633760,WASHINGTON,DC,2,2C,2C03,FIRST,101,8,NONE,NONE,NONE,DOWNTOWN BID
811777,10027476,3/4/2010 12:00:00 AM,UNK,BURGLARY,2,3/5/2010 7:17:08 AM,4400 B/O EDSON PL NE,NO NARRATIVE IS AVAILABLE.,38.89677612748760,-76.93847176726670,WASHINGTON,DC,7,7D,7D05,SIXTH,602,30,NONE,NONE,NONE,NONE
811786,10027500,3/4/2010 12:00:00 AM,UNK,THEFT F/AUTO,2,3/5/2010 7:17:08 AM,1700 B/O RHODE ISLAND AVE NE,NO NARRATIVE IS AVAILABLE.,38.92726328277550,-76.97992282359050,WASHINGTON,DC,5,5B,5B04,FIFTH,502,22,NONE,NONE,NONE,NONE
811787,10027511,3/4/2010 12:00:00 AM,UNK,THEFT F/AUTO,2,3/5/2010 7:17:08 AM,,NO NARRATIVE IS AVAILABLE.,0,0,WASHINGTON,DC,1,1B,1B11,THIRD,304,2,NONE,NONE,NONE,NONE
811788,10027495,3/4/2010 12:00:00 AM,UNK,THEFT,2,3/5/2010 7:17:08 AM,900 B/O INGRAHAM ST NW,NO NARRATIVE IS AVAILABLE.,38.95407692831140,-77.02648996539590,WASHINGTON,DC,4,4D,4D04,FOURTH,403,18,NONE,NONE,NONE,NONE
811798,10023707,2/24/2010 12:00:00 AM,UNK,THEFT F/AUTO,2,3/5/2010 7:17:08 AM,1400 B/O 12TH ST NW,NO NARRATIVE IS AVAILABLE.,38.90911083481430,-77.02808590506390,WASHINGTON,DC,2,2F,2F04,THIRD,307,7,NONE,NONE,NONE,NONE
811804,10027514,3/4/2010 12:00:00 AM,UNK,THEFT,2,3/5/2010 7:17:08 AM,1200 B/O WISCONSIN AVE NW,NO NARRATIVE IS AVAILABLE.,38.90593793030880,-77.06286386205550,WASHINGTON,DC,2,2E,2E05,SECOND,206,4,NONE,NONE,NONE,GEORGETOWN BID
811806,10027558,3/4/2010 12:00:00 AM,UNK,THEFT F/AUTO,2,3/5/2010 7:17:08 AM,2ND ST SE & SOUTH CAROLINA AVE SE,NO NARRATIVE IS AVAILABLE.,38.88196226261280,-77.00351163700730,WASHINGTON,DC,6,6B,6B01,FIRST,105,26,NONE,NONE,NONE,NONE
811808,10027544,3/4/2010 12:00:00 AM,UNK,THEFT F/AUTO,1,3/5/2010 7:17:08 AM,600 B/O KEEFER PL NW,NO NARRATIVE IS AVAILABLE.,38.930691648147,-77.022404235003,WASHINGTON,DC,1,1A,1A09,THIRD,302,2,NONE,NONE,GEORGIA AVE NW,NONE
811813,10027530,3/4/2010 12:00:00 AM,UNK,THEFT F/AUTO,2,3/5/2010 7:17:08 AM,200 B/O 7TH ST SE,NO NARRATIVE IS AVAILABLE.,38.88671358998110,-76.99619064177590,WASHINGTON,DC,6,6B,6B02,FIRST,106,26,NONE,NONE,NONE,CAPITOL HILL BID
811814,10027529,3/4/2010 12:00:00 AM,UNK,THEFT,2,3/5/2010 7:17:08 AM,1000 B/O BRENTWOOD RD NE,NO NARRATIVE IS AVAILABLE.,38.91899952170170,-76.99169172418960,WASHINGTON,DC,5,5B,5B03,FIFTH,505,22,NONE,NONE,NONE,NONE
811826,10027581,3/4/2010 12:00:00 AM,UNK,THEFT,2,3/5/2010 7:17:08 AM,1100 B/O E ST SE,NO NARRATIVE IS AVAILABLE.,38.88282336445560,-76.99088879716960,WASHINGTON,DC,6,6B,6B04,FIRST,106,26,NONE,NONE,NONE,CAPITOL HILL BID
811829,10027595,3/4/2010 12:00:00 AM,UNK,ROBBERY,PBS,3/5/2010 7:17:08 AM,SAVANNAH ST SE & STANTON RD SE,NO NARRATIVE IS AVAILABLE.,38.84573247936390,-76.97964320933060,,,8,8B,8B07,SEVENTH,704,38,NONE,NONE,NONE,NONE
811834,10027582,3/4/2010 12:00:00 AM,UNK,BURGLARY,2,3/5/2010 7:17:08 AM,200 B/O NEWCOMB ST SE,NO NARRATIVE IS AVAILABLE.,38.84851095495010,-77.00377391199320,WASHINGTON,DC,8,8C,8C02,SEVENTH,705,39,NONE,NONE,NONE,NONE
811847,10027559,3/4/2010 12:00:00 AM,UNK,THEFT F/AUTO,2,3/5/2010 7:17:07 AM,3000 B/O 16TH ST NE,NO NARRATIVE IS AVAILABLE.,38.92851273546690,-76.98236382198210,WASHINGTON,DC,5,5B,5B04,FIFTH,502,22,NONE,NONE,NONE,NONE
811848,10027522,3/4/2010 12:00:00 AM,UNK,BURGLARY,2,3/5/2010 7:17:07 AM,1100 B/O 21ST PL NE,NO NARRATIVE IS AVAILABLE.,38.904951391564,-76.97319977437120,WASHINGTON,DC,5,5B,5B12,FIFTH,504,23,NONE,NONE,NONE,NONE
811866,10027574,3/4/2010 12:00:00 AM,UNK,BURGLARY,2,3/5/2010 7:17:07 AM,2300 B/O 11TH ST NW,NO NARRATIVE IS AVAILABLE.,38.92159578842410,-77.02703639374930,WASHINGTON,DC,1,1B,1B03,THIRD,304,2,NONE,NONE,NONE,NONE
811868,10027537,3/4/2010 12:00:00 AM,UNK,THEFT,BICYCLE,3/5/2010 7:17:07 AM,5300 B/O WISCONSIN AVE NW,NO NARRATIVE IS AVAILABLE.,38.95991230101780,-77.085288045686,WASHINGTON,DC,3,3E,3E04,SECOND,202,11,NONE,NONE,NONE,NONE
811871,10027609,3/4/2010 12:00:00 AM,UNK,ROBBERY,F&V,3/5/2010 7:17:07 AM,1200 B/O SUMNER RD SE,NO NARRATIVE IS AVAILABLE.,38.86050570414810,-76.99714028580730,WASHINGTON,DC,8,8C,8C01,SEVENTH,703,37,NONE,NONE,NONE,NONE
811893,10027642,3/4/2010 12:00:00 AM,UNK,THEFT,2,3/5/2010 7:17:07 AM,3000 B/O PORTER ST NW,NO NARRATIVE IS AVAILABLE.,38.93730469107170,-77.06375038609570,WASHINGTON,DC,3,3C,3C05,SECOND,204,15,NONE,NONE,NONE,NONE
811916,10027505,3/4/2010 12:00:00 AM,UNK,BURGLARY,2,3/5/2010 7:17:07 AM,4200 B/O 10TH ST NE,NO NARRATIVE IS AVAILABLE.,38.94099047182110,-76.99264150510320,WASHINGTON,DC,5,5A,5A05,FOURTH,405,20,NONE,NONE,NONE,NONE
811967,10027672,3/4/2010 12:00:00 AM,UNK,ROBBERY,F&V,3/5/2010 7:17:07 AM,300 B/O 8TH ST SE,NO NARRATIVE IS AVAILABLE.,38.88528864291850,-76.994964371044,WASHINGTON,DC,6,6B,6B05,FIRST,106,26,NONE,NONE,NONE,NONE
811977,10027540,3/4/2010 12:00:00 AM,UNK,THEFT,BICYCLE,3/5/2010 7:17:07 AM,3400 B/O GEORGIA AVE NW,NO NARRATIVE IS AVAILABLE.,38.93245582657740,-77.02375773401670,WASHINGTON,DC,1,1A,1A09,THIRD,302,2,NONE,NONE,NONE,NONE
811991,10027692,3/4/2010 12:00:00 AM,UNK,THEFT,BICYCLE,3/5/2010 7:17:07 AM,1500 B/O 14TH ST NW,NO NARRATIVE IS AVAILABLE.,38.91036186872750,-77.03192159218520,WASHINGTON,DC,2,2F,2F01,THIRD,307,7,NONE,NONE,NONE,NONE
811992,10027710,3/4/2010 12:00:00 AM,UNK,ROBBERY,GUN,3/5/2010 7:17:07 AM,19TH ST SE & A ST SE,NO NARRATIVE IS AVAILABLE.,38.88867098579490,-76.97725894804110,WASHINGTON,DC,6,6B,6B10,FIRST,107,26,NONE,NONE,NONE,NONE
811996,10027621,3/4/2010 12:00:00 AM,UNK,THEFT F/AUTO,2,3/5/2010 7:17:07 AM,HAREWOOD RD NE & TAYLOR ST NE,NO NARRATIVE IS AVAILABLE.,38.94074317448830,-77.00298302471420,WASHINGTON,DC,5,5C,5C12,FOURTH,405,19,NONE,NONE,NONE,NONE
811998,10027733,3/4/2010 12:00:00 AM,UNK,STOLEN AUTO,STOLEN AUTO,3/5/2010 7:17:07 AM,100 B/O 12TH ST NE,NO NARRATIVE IS AVAILABLE.,38.89119406742080,-76.99024583115480,WASHINGTON,DC,6,6A,6A03,FIRST,103,26,NONE,NONE,NONE,NONE
812004,10027727,3/4/2010 12:00:00 AM,UNK,THEFT,2,3/5/2010 7:17:07 AM,2400 B/O 15TH PL SE,NO NARRATIVE IS AVAILABLE.,38.85450382608580,-76.98284222139160,WASHINGTON,DC,8,8B,8B04,SEVENTH,701,37,NONE,NONE,NONE,NONE
812010,10027717,3/4/2010 12:00:00 AM,UNK,THEFT,2,3/5/2010 7:17:07 AM,3400 B/O EADS ST NE,NO NARRATIVE IS AVAILABLE.,38.89545776163720,-76.95615458820260,WASHINGTON,DC,7,7D,7D04,SIXTH,603,32,NONE,NONE,NONE,NONE
812024,10027753,3/4/2010 12:00:00 AM,UNK,ROBBERY,GUN,3/5/2010 7:17:07 AM,2000 B/O 4TH ST NE,NO NARRATIVE IS AVAILABLE.,38.91755051641190,-77.00056898425320,WASHINGTON,DC,5,5C,5C05,FIFTH,501,21,NONE,NONE,NONE,NONE
812029,10027743,3/4/2010 12:00:00 AM,UNK,BURGLARY,2,3/5/2010 7:17:07 AM,3RD ST NE & HAMILTON ST NE,NO NARRATIVE IS AVAILABLE.,38.95300829640760,-77.00117577882850,WASHINGTON,DC,5,5A,5A01,FOURTH,405,19,NONE,NONE,NONE,NONE
812031,10027762,3/4/2010 12:00:00 AM,UNK,THEFT F/AUTO,2,3/5/2010 7:17:07 AM,1100 B/O 9TH ST NE,NO NARRATIVE IS AVAILABLE.,38.90400053944940,-76.99375713346540,WASHINGTON,DC,6,NONE,6A01,FIRST,102,25,NONE,NONE,NONE,NONE
812037,10027784,3/4/2010 12:00:00 AM,UNK,THEFT,2,3/5/2010 7:17:07 AM,1300 B/O 12TH ST NW,NO NARRATIVE IS AVAILABLE.,38.90790807954240,-77.02808759323730,WASHINGTON,DC,2,2F,2F04,THIRD,307,7,NONE,NONE,NONE,NONE
